province;red;green;blue;name;x #name left blank = transparent wasteland
1;4;100;255;Land Of Always Winter;x
2;152;118;64;Thenn;x
3;133;102;0;Northern Frostfangs;x
4;131;78;192;The Frozen Shore;x
5;35;144;192;Skirling Pass;x
6;24;116;0;Shivering Forest;x
7;151;110;128;Ice Bay Shore;x
8;152;114;255;Central Frostfangs;x
9;24;112;192;Fist Of The First Men;x
10;163;146;255;Antler Vale;x
11;23;108;64;Craster's Keep;x
12;151;106;0;Whitetree;x
13;1;52;0;The Haunted Forest;x
14;23;104;255;Hardhome;x
15;35;148;0;The Gorge;x
16;5;108;192;Shadow Tower;x
17;133;110;255;Castle Black;x
18;5;112;0;Eastwatch By-The-Sea;x
19;156;42;128;Brandon's Gift;x
20;133;114;64;New Gift;x
21;0;36;128;Crow's Edge;x
22;163;150;64;Arrendell;x
23;36;152;128;Pinesend;x
24;164;154;192;Shadowmoor;x
25;134;118;192;Last Hearth;x
26;27;36;255;Seal Shore;x
27;6;116;128;Highpoint;x
28;155;38;0;Last River;x
29;6;120;255;Karhold;x
30;128;34;64;Deepdown;x
31;24;120;128;Kingshouse;x
32;152;122;192;Driftwood Hall;x
33;0;44;64;Bear Island;x
34;134;126;128;Sea Dragon Point;x
35;6;124;64;Deepwood;x
36;135;142;0;Blue Hills;x
37;26;152;192;Blackgrove;x #Ironrath
38;135;130;255;King's Grove;x
39;164;34;128;Wolfswood;x
40;4;88;192;Stony Shore;x
41;155;154;255;The Rills;x
42;165;42;64;Withered Heath;x
43;8;144;64;Blazewater Coast;x #Rillwater Crossing
44;1;56;128;Torrhen's Square;x
45;165;38;255;Spearmouth;x #Goldgrass
46;136;146;128;Barrowton;x
47;3;80;255;Winterfell;x
48;36;32;64;Acorn Grove;x
49;37;40;0;Castle Cerwyn;x
50;134;122;0;Lonely Hills;x
51;27;32;128;Eastmelt;x
52;36;156;255;Weeping Bay;x
53;129;54;64;The Dreadfort;x
54;7;132;0;Dawnforest;x
55;42;120;0;Sheepshead Hills;x
56;164;158;0;Overton;x
57;36;36;192;King's Course;x
58;155;34;192;White Knife;x
59;27;156;0;Ethering;x
60;135;134;64;Hornwood;x
61;7;140;255;Whitford;x
62;135;138;192;White Harbor;x
63;7;136;128;Ramsgate;x
64;6;128;192;Widow's Watch;x
65;132;90;255;Oldcastle;x
66;129;58;192;Moat Cailin;x
67;28;40;64;Fever;x
68;8;148;192;Greycrann;x
69;2;60;255;Churwell;x
70;165;46;192;Silvereed;x
71;8;156;128;Greywater Watch;x
72;136;154;64;Cape Kraken;x
73;136;150;255;Flint's Finger;x
74;8;152;0;Flint Cliffs;x
75;37;48;255;Mistlewood;x
76;137;158;192;Cape Of Eagles;x
77;9;32;255;The Twins;x
78;9;36;64;Freylands;x
79;137;34;0;Seagard;x
80;165;50;0;Rushmoor;x
81;137;38;128;Oldstones;x
82;38;52;64;Stillfen;x
83;166;54;128;Erenford;x
84;139;70;192;Wycombe;x
85;166;62;64;Martlet Bay;x
86;28;52;128;Gravesham;x
87;167;66;192;Maidstone;x
88;38;64;128;Blackrush;x
89;11;68;128;Fairmarket;x
90;167;70;0;Blackwood Vale;x
91;39;72;64;Stone Hedge;x
92;38;56;192;Blue Fork;x
93;166;58;255;Red Fork;x #Fieldstone
94;12;72;255;Darry;x
95;38;60;0;Chiltern;x
96;167;74;128;Lychester;x
97;140;74;0;Lord Harroway's Town;x
98;12;76;64;Saltpans;x
99;156;50;64;Golden Hills;x
100;39;68;255;Turnbridge;x
101;130;62;0;Riverrun;x
102;156;46;255;Branstone;x
103;167;78;255;Lolliston;x
104;12;80;192;High Heart;x
105;39;76;192;Wayfarer's Rest;x
106;28;44;192;Goodbrook;x
107;140;78;128;Harrenhal;x
108;40;84;128;Willow Wood;x
109;141;90;192;Maidenpool;x
110;12;84;0;Pinkmaiden;x
111;140;82;255;Acorn Hall;x
112;13;88;128;Stoney Sept;x
113;28;248;0;Deddington;x
114;40;80;0;Atranta;x
115;157;54;192;Shoreham;x
116;142;102;255;Esgaroth;x #Butterwell
117;131;82;0;Isle Of Faces;x
118;24;124;255;Longsister;x
119;153;126;0;Sweetsister;x
120;25;128;64;Littlesister;x
121;153;130;128;Pebble;x
122;25;132;192;The Paps;x
123;42;116;192;Crow's Barrens;x
124;128;38;192;Scorched Vale;x
125;137;42;255;Ruthermont;x
126;10;44;0;Coldwater Burn;x
127;43;128;255;Wycliffe;x
128;171;126;192;Midlor Point;x
129;170;118;255;Moonsgrey;x
130;29;60;64;Newkeep;x
131;138;46;64;Snakewood;x
132;43;124;128;Sunrise Keep;x
133;9;40;192;Strongsong;x
134;138;50;192;Darkmoor;x #Stonyhead
135;171;130;0;Crown Crag;x
136;4;92;0;The Eyrie;x
137;10;48;128;Heart's Home;x
138;29;56;255;Upcliff;x #Breakstone
139;11;60;192;Longbow Hall;x
140;10;52;255;Bloody Gate;x
141;157;58;0;Grey Glen;x
142;11;64;0;Ironoaks;x
143;139;62;255;Old Anchor;x
144;138;54;0;Redfort;x
145;171;122;64;Ninestars;x
146;157;62;128;Crab's Shore;x
147;139;58;128;Wickenden;x
148;10;56;64;Hardvale;x
149;132;94;64;Gulltown;x
150;139;66;64;Runestone;x
151;178;98;192;Sealskin Point;x
152;26;140;128;Hammerhorn;x
153;178;94;64;Pebbleton;x
154;154;142;192;Old Wyk;x
155;154;150;128;Blacktyde;x
156;26;144;255;Orkmont;x
157;50;96;128;Volmark;x
158;154;146;0;Harlaw Hill;x
159;50;100;255;Stonetree;x
160;26;148;64;Saltcliffe;x
161;50;92;0;Lordsport;x
162;129;46;128;Pyke;x
163;141;86;64;Banefort;x
164;143;126;64;The Crag;x
165;42;112;64;Glitterdell;x
166;29;64;192;Brent Brook;x
167;16;140;192;Fair Isle;x
168;16;132;255;Feastfires;x
169;144;130;192;Kayce;x
170;44;136;192;Maunhill;x
171;171;134;128;Tarbeck Hall;x
172;170;114;128;Thurrock;x
173;15;124;0;Ashemark;x
174;143;122;255;Golden Tooth;x
175;170;110;0;Nunn's Deep;x
176;43;132;64;Tendring;x
177;163;142;128;Pendric Hills;x
178;16;128;128;Sarsfield;x
179;44;140;0;Goldshire;x
180;130;66;128;Hornvale;x
181;44;144;128;Wyndhall;x
182;144;134;0;Casterly Rock;x
183;2;64;64;Lannisport;x
184;172;138;255;Oxcross;x
185;30;76;255;Hawthorne;x
186;158;74;192;Greenmont;x
187;157;66;255;Castamere;x
188;172;142;64;Fang Tower;x
189;30;72;128;Myatt;x
190;173;150;0;Lonmont;x
191;15;120;192;Deep Den;x
192;172;146;192;Drox Castle;x
193;158;78;0;Peckledon;x
194;15;116;64;Payne Hall;x
195;143;118;128;Silverhall;x #Silverhill
196;44;148;255;Redbramble;x
197;144;138;128;Crakehall;x
198;45;152;64;Falwell;x
199;16;136;64;Cornfield;x
200;30;68;0;Greenfield;x
201;169;102;64;Mosborough;x
202;14;108;128;Byford;x
203;169;98;255;Great Fork;x
204;30;80;64;Rayonet;x
205;168;82;64;Sow's Horn;x
206;142;106;64;Byrch Hall;x
207;13;96;64;Antlers;x
208;168;86;192;Brindlewood;x
209;159;86;255;Edgerton;x
210;168;90;0;Rollingford;x
211;14;100;192;Rosby;x
212;141;98;128;Duskendale;x
213;40;88;255;Hollard Hall;x
214;31;84;192;Rook's Rest;x
215;13;92;255;South Crackclaw Point;x #Crackclaw Barren
216;41;96;192;Dyre Den;x
217;159;82;128;The Whispers;x
218;141;94;0;North Crackclaw Point;x
219;153;134;255;Claw Isle;x
220;25;136;0;Driftmark;x
221;129;50;255;Dragonstone;x
222;41;100;0;Bramsfort;x
223;169;106;192;Farring Cross;x
224;40;92;64;Hayford;x
225;169;94;128;Stokeworth;x
226;14;104;0;King's Landing;x
227;143;114;0;Dalston Keep;x
228;161;118;0;Greensward;x
229;47;60;255;Attadale;x
230;14;112;255;Woodmere;x
231;175;62;0;Bywater;x
232;162;130;64;Chyttering Brook;x
233;146;158;128;Stonedance;x
234;18;32;192;Sharp Point;x
235;4;96;128;Old Oak;x
236;31;88;0;Red Lake;x
237;173;154;128;Risley Glade;x
238;160;98;0;Coldmoat;x
239;45;32;0;Dosk;x
240;173;158;255;Catswold;x
241;159;94;192;Standfast;x
242;45;156;192;Derring Downs;x
243;17;144;0;Goldengrove;x
244;158;70;64;Wythers;x
245;32;96;255;Smithyton;x
246;32;100;64;Ivy Hall;x
247;41;104;128;Alden Keep;x
248;33;112;128;Harpshire;x
249;142;110;192;Tumbleton;x
250;161;110;64;Torrentpeak;x
251;175;58;192;Leygood Keep;x
252;161;114;192;Hammerhal;x
253;145;146;64;Bitterbridge;x
254;17;148;128;Longtable;x
255;42;108;255;Roseford;x
256;175;54;64;Darkdell;x
257;160;102;128;Holyhall;x
258;32;108;0;Appleton;x
259;145;154;0;Grassy Vale;x
260;47;52;0;Hastwyck;x
261;145;142;255;Oakenshield;x
262;178;102;0;Greyshield;x
263;50;104;64;Greenshield;x
264;179;106;128;Southshield;x
265;159;90;64;Westbrook;x
266;173;34;64;Smallwood;x
267;130;70;255;Highgarden;x
268;131;86;128;Cider Hall;x
269;32;104;192;New Barrel;x #Dunstonbury
270;145;150;192;Ashford;x
271;160;106;255;Manderford;x
272;174;38;192;Norcross;x
273;46;40;255;Dunnsbridge;x
274;149;70;128;Brightwater Keep;x
275;31;92;128;Inchfield;x
276;46;48;192;Middlebury;x
277;46;36;128;Bardshome;x
278;175;50;255;Yelshire;x
279;47;56;128;Starpike;x
280;20;68;64;Horn Hill;x
281;46;44;64;Fawn Crag;x
282;21;80;128;Bandallon;x
283;149;82;192;Honeyholt;x
284;174;42;0;Sommerset;x
285;149;78;64;Blackcrown;x
286;132;98;192;Oldtown;x
287;21;72;192;Uplands;x
288;174;46;128;Hunt Hills;x
289;21;76;0;Three Towers;x
290;149;74;255;Sunhouse;x
291;163;138;0;The Ring;x
292;0;40;255;The Arbor;x
293;162;126;255;Broad Arch;x
294;18;36;0;Felwood;x
295;176;70;255;Langward Hall;x
296;146;34;255;Bronzegate;x
297;176;66;128;Hadlow Keep;x
298;18;156;64;Haystack Hall;x
299;48;244;64;Parchments;x
300;34;128;0;Drakesgrave;x
301;48;68;192;Galemont;x
302;161;122;128;Grandview;x
303;146;38;64;Griffin's Roost;x
304;2;68;192;Storm's End;x
305;128;42;0;Tarth;x
306;33;116;255;Summerhall;x
307;17;152;255;Nightsong;x
308;49;84;64;Harvest Hall;x
309;34;124;192;Poddingfield;x
310;33;120;64;Gallowsgrey;x
311;2;72;0;Blackhaven;x
312;147;50;128;Fawnton;x
313;48;72;0;Adderdell;x
314;18;40;128;Crow's Nest;x
315;49;80;255;Lonmouth;x
316;147;42;192;Stonehelm;x
317;176;74;64;Lockport;x
318;34;132;128;Amberly;x
319;48;76;128;Tudbury Hall;x
320;19;44;255;Rainwood;x
321;177;82;0;Blue Grove;x
322;147;46;0;Mistwood;x
323;19;48;64;Rain House;x
324;177;78;192;Weeping Tower;x #Wrathtown
325;49;88;192;Wrathrock;x
326;1;48;192;Estermont;x
327;148;62;192;Blackmont;x
328;20;60;128;Prince's Pass;x
329;147;54;255;Vulture's Roost;x
330;19;52;192;Wyl;x
331;20;56;0;Kingsgrave;x
332;20;64;255;High Hermitage;x
333;148;58;64;Skyreach;x
334;131;74;64;Yronwood;x
335;148;66;0;Starfall;x
336;34;136;255;The Elbow;x
337;22;84;255;Sandstone;x
338;3;76;128;Hellholt;x
339;177;86;128;Nymerwell;x
340;162;134;192;Great Desert;x
341;150;86;0;Scorched Rock;x
342;153;138;64;Ghaston Grey;x
343;150;90;128;The Tor;x
344;22;88;64;The Scourge;x
345;22;92;192;The Red Dunes;x
346;150;94;255;Salt Shore;x
347;151;98;64;Ghost Hill;x
348;151;102;192;Spottswood;x
349;23;100;128;Godsgrace;x
350;177;90;255;Plankytown;x
351;22;96;0;Lemonwood;x
352;3;84;64;Sunspear;x
353;35;140;64;Sunstone;x
354;168;210;77;Riverspring;x
355;0;0;205;Castlewood;x
356;42;3;78;Flint Keep;x #Breakstone Hill
357;146;30;21;Lonely Light;x
358;126;9;79;Bloodstone;x
359;168;12;207;Grey Gallows;x
360;0;15;80;Dark Den;x
361;42;18;208;The Skulls;x
362;84;21;81;Torturer's Deep;x
363;126;24;209;Last Refuge;x
364;168;27;82;Shame Isle;x
365;0;30;210;Wreckstone;x
366;42;33;83;Little Tyrosh;x
367;84;36;211;Tyrosh;x
368;126;39;84;Lys;x
369;168;42;212;Tyroshi Landing;x
370;0;45;85;The Disputed Peninsula;x #Vilibosh
371;42;48;213;Kylos;x
372;84;51;86;Dyreno Hill;x
373;126;54;214;Vysos Plains;x
374;168;57;87;Lysene Forest;x #Morghos
375;0;60;215;Forest Of Myr;x #Khios
376;42;63;88;Disputed Forest;x
377;84;66;216;Myrwater;x
378;126;69;89;Myr;x
379;168;72;217;Rynlos;x
380;0;75;90;Bay Of Myr;x #Naqes Embar
381;42;78;218;Byloth;x
382;84;81;91;Lortyr Bay;x
383;126;84;219;Longlake;x
384;168;87;92;Nontelos;x
385;0;90;220;Mylonos;x
386;42;93;93;Samal;x
387;84;96;221;Lake Of Myrth;x
388;126;99;94;Ar Kon;x
389;168;102;222;The Great Arm;x
390;0;105;95;Amenos;x
391;42;108;223;Fareyes;x
392;84;111;96;Greenlace;x
393;126;114;224;Ny Myrelor;x
394;168;117;97;Vymolys;x
395;0;120;225;Latnyr;x
396;42;123;98;Drelyia;x
397;84;126;226;Mesylosh;x
398;126;129;99;Silkhead;x
399;168;132;227;Plains Of Maegys;x
400;0;135;0;Anyria;x
401;42;138;128;Laboros;x
402;84;141;1;Ar Mynar;x
403;126;144;129;Dreos;x
404;168;147;2;Honors Port;x
405;0;150;130;Sar Lhorulys;x
406;42;153;3;Pentos;x
407;84;156;131;Prince's Shore;x
408;126;159;4;Berylos;x
409;168;162;132;Sunrise Road;x
410;0;165;5;Lhorulu;x
411;42;168;133;Northfields;x
412;84;171;6;Goldenbridge;x
413;126;174;134;Chroyane;x
414;168;177;7;Ny Sar;x
415;0;180;135;Olvys Mell;x
416;42;183;8;Vedys Lands;x
417;84;186;136;Volantis;x
418;126;189;9;Temple Of The Lord Of Light;x #The Great Plaza
419;168;192;137;Old Volantis;x
420;0;195;10;Volon Therys;x
421;42;198;138;Sar Mell;x
422;84;201;11;Valysar;x
423;126;204;139;Selhorys;x
424;168;207;12;Mavlys;x
425;0;210;140;Valon Sar;x
426;42;0;13;Rhoyne Vale;x
427;84;3;141;Nor Salis;x
428;126;6;14;Dagger Lake;x
429;168;9;142;Ar Noy;x
430;0;12;15;Sar Rhoy;x
431;42;15;143;Qhoyne;x
432;84;18;16;Noyne;x
433;42;87;63;Norvos;x
434;168;24;17;Nyelos;x
435;0;27;145;Noomgate;x
436;42;30;18;Darkbridge;x
437;84;33;146;Deep Forest;x
438;126;36;19;Malhor;x
439;168;39;147;Watersmeet;x
440;0;42;20;Palhorvos;x
441;42;45;148;Bear Hills;x
442;84;48;21;Ghoyan Pass;x
443;126;51;149;Narros;x
444;168;54;22;Mount Norvo;x
445;0;57;150;Shalorath;x
446;42;60;23;Lorathi Shore;x #Fisher Point
447;84;63;151;Elbateros;x
448;126;66;24;White Cliffs;x
449;168;69;152;Ny Rhon Valley;x
450;0;72;25;Ghoyan Drohe;x
451;42;75;153;Velvet March;x
452;84;78;26;Velvetpeak;x
453;126;81;154;Little Rhoyne;x
454;168;84;27;Seven Stars;x
455;0;87;155;Hugorvale;x
456;42;90;28;East Andalos;x
457;84;93;156;Father's Hill;x
458;126;96;29;Andal Coast;x
459;168;99;157;Mother's Valley;x
460;0;102;30;Willowsreach;x
461;42;105;158;Malaqovos;x
462;84;108;31;Freneros;x
463;126;111;159;Braavosian Hills;x #Daerves Hills
464;168;114;32;Prestaynos;x
465;0;117;160;Moroggos;x
466;42;120;33;Antaryonos;x
467;84;123;161;Braavosian Fields;x #Ironport
468;126;126;34;Braavosi Shore;x #Moonsbridge
469;168;129;162;The Marshes;x
470;0;132;35;Braavos;x
471;42;135;163;Lorath;x
472;84;138;36;Dark Hills;x
473;126;141;164;Dolronhor;x
474;168;144;37;The Axe;x
475;0;147;165;Axe Mountains;x
476;42;150;38;Qohor;x
477;84;153;166;Qovosar;x
478;126;156;39;Goatwood;x
479;168;159;167;Qohorik Coast;x #Hobreth
480;0;162;40;Satholik;x
481;42;165;168;Sungrove;x
482;84;168;41;Ar Selrys;x
483;126;171;169;Volantene Coast;x #Arlior Geron
484;168;174;42;Little Valyria;x
485;0;177;170;Vasyugys;x
486;42;180;43;Death Swamps;x
487;84;183;171;Selhoru;x
488;126;186;44;Volaena;x
489;168;189;172;Vysyria;x
490;0;192;45;Painted March;x
491;42;195;173;Stone Head;x
492;84;198;46;Isle Of Women;x
493;126;201;174;Last Lament;x
494;168;204;47;Lotus Valley;x
495;0;207;175;Mantisleaf;x #Jhahar
496;42;210;48;Lotus Port;x #Lotus Point
497;84;0;176;Ambershore;x
498;126;3;49;Jalabuxon;x
499;0;9;50;Kone Forest;x
500;84;15;51;Tall Trees Town;x
501;168;21;52;The Citrus Coves;x
502;0;24;180;Koj;x
503;42;27;53;Isle Of Birds;x
504;84;30;181;Qetzalu;x
505;168;36;182;Heartvale;x
506;0;39;55;Naked Forest;x
507;126;48;184;Smiling Cliffs;x
508;168;51;57;Xhala;x
509;0;54;185;Cape Omburu;x
510;84;60;186;The Singing Stones;x
511;126;63;59;Golden Exile;x
512;168;66;187;Little Exile;x
513;0;69;60;Orange Exile;x
514;42;72;188;Isle Of Love;x
515;84;75;61;Moluu;x
516;126;78;189;Fragrant Isle;x
517;168;81;62;Ebonhead;x
518;0;84;190;Sweetwater;x
519;126;21;144;Golden Mountains;x
520;84;90;191;Lotus Hills;x
521;126;93;64;Ebonhills;x
522;168;96;192;Bloodwood;x
523;0;99;65;Kalalula;x
524;42;102;193;Jhalavale;x
525;84;105;66;Highgrove;x
526;126;108;194;Red Flower Bay;x
527;0;114;195;Indigoshore;x
528;42;117;68;Scarlethead;x
529;84;120;196;Parrotshore;x
530;126;123;69;Rotu Forest;x
531;168;126;197;Goldenheart;x
532;42;132;198;Tamarinu;x
533;84;135;71;Blackpool;x
534;126;138;199;Xon;x
535;168;141;72;The Bones;x
536;0;144;200;Doquu;x
537;42;147;73;Hathasia;x
538;84;150;201;Persaria;x
539;126;153;74;Herys;x
540;168;156;202;Forest Road;x
541;0;159;75;Bajys;x
542;42;162;203;Essaria;x
543;84;165;76;Mikath;x
544;126;168;204;Saath;x
545;168;171;77;Morosh;x
546;0;174;205;Sarys;x
547;42;177;78;Protosh;x
548;84;180;206;High Athosh;x
549;126;183;79;Rathylar;x
550;168;186;207;Kyth;x
551;0;189;80;Mardosh;x
552;42;192;208;Hornoth;x
553;84;195;81;Sarnath;x
554;126;198;209;King's Hills;x
555;168;201;82;Kasath;x
556;0;204;210;Dathar;x
557;42;207;83;Barkarth;x
558;84;210;211;Faath;x
559;126;0;84;Bartosh;x
560;168;3;212;Bay Of Tusks;x
561;0;6;85;Sallosh;x
562;42;9;213;Malath;x
563;84;12;86;Beccane;x
564;126;15;214;Gornath;x
565;168;18;87;Sathar;x
566;0;21;215;Walrus Point;x
567;42;24;88;Chev'rak;x
568;84;27;216;Dofahkar;x
569;126;30;89;Maerakar;x
570;168;33;217;Vaes Evronee;x
571;0;36;90;Vaes Leisi;x
572;42;39;218;Arfahkar;x
573;84;42;91;Qerr;x
574;126;45;219;Vaes Lotar;x
575;168;48;92;Qev'rak;x
576;0;51;220;New Ibbish;x
577;42;54;93;Ibbish;x
578;84;57;221;Vaerakar;x
579;168;6;177;Ibbone;x
580;42;12;178;Ib Oss;x
581;126;18;179;Geysert;x
582;126;33;54;Ib Nor;x
583;42;42;183;Tuskbay;x
584;42;57;58;Ib Ess;x
585;168;111;67;Port Of Ibben;x
586;0;129;70;Spearhold;x
587;126;60;94;Ib Lok;x
588;168;63;222;Herse;x
589;0;66;95;Melten;x
590;84;45;56;Ibben Thrak;x
591;42;69;223;Ibben Dol;x
592;84;72;96;Ibben Zok;x
593;126;75;224;Ibben Hran;x
594;168;78;97;Far Ib;x
595;0;81;225;Ib Sar;x
596;252;134;3;Lands Of The Long Summer;x
597;170;68;124;Valyria;x
598;170;167;102;Draconys;x
599;0;145;232;Mantarys;x
600;234;147;60;The Demon Pass;x
601;239;147;54;Tolos;x
602;242;187;201;Elyria;x
603;119;105;9;The Black Cliffs;x
604;121;35;6;Bhorash;x
605;201;191;71;The Demon Road;x
606;17;95;238;Meereen;x
607;119;55;9;Khyzai Pass;x
608;121;128;0;No Man's Land;x
609;128;112;0;Vadhadhan;x
610;240;150;15;Yunkai;x
611;217;243;27;Maelk;x
612;247;80;23;Slaver's Road;x
613;215;40;45;Astapor;x
614;208;79;47;Dhozai;x
615;180;138;92;Yaros;x
616;243;147;75;Ghiscar Point;x
617;214;131;56;Baked Shore;x
618;61;28;3;Atruskai;x
619;184;103;88;Old Ghis;x
620;233;190;22;Qimbreen;x
621;192;158;80;Ghozai;x
622;188;105;84;Velos;x
623;177;157;95;Elos;x
624;241;160;52;Ghaen;x
625;185;129;87;New Ghis;x
626;83;196;15;Naath;x
627;84;177;141;Gadhis;x
628;126;180;14;Horns Of Hazzat;x
629;168;183;142;Kaldeen;x
630;0;186;15;Selchar;x
631;42;189;143;Jagor;x
632;84;192;16;Kalot;x
633;126;195;144;Puki;x
634;168;198;17;Olta Drogaki;x
635;0;201;145;Bone Coast;x
636;42;204;18;Sumbyar;x
637;84;207;146;Malkai;x
638;126;210;19;Hesh;x
639;168;0;147;Lhazosh;x
640;0;3;20;Hoshorak;x
641;42;6;148;Vaes Orvik;x #Makhrosh
642;84;9;21;Port Yhos;x
643;126;12;149;Ghardaq;x
644;168;15;22;Wurzkai;x
645;0;18;150;Gohleen;x
646;42;21;23;Atakosh;x
647;84;24;151;Geledhan;x
648;126;27;24;Kosrak;x
649;168;30;152;Virzosh;x
650;0;33;25;Vaes Shirosi;x #Nekhos
651;42;36;153;Western Red Waste;x
652;84;39;26;Old Waste Road;x
653;126;42;154;Vaes Tolorro;x
654;168;45;27;Qarkash;x
655;0;48;155;Cape Of Skulls;x
656;42;51;28;Vaes Qosar;x
657;84;54;156;Eastern Red Waste;x
658;126;57;29;Hubreq;x
659;168;60;157;Adakhakileki;x
660;0;63;30;Yinishar;x
661;42;66;158;Stonefort;x
662;84;69;31;Lehqron;x
663;126;72;159;Qarth;x
664;168;75;32;Matsar;x
665;0;78;160;Saaleq;x
666;42;81;33;Jade Point;x
667;84;84;161;Qal;x
668;126;87;34;Karavana;x
669;168;90;162;Asabhad;x
670;0;93;35;Abaj;x
671;42;96;163;Sand Road;x
672;84;99;36;Southern Bone Mountains;x
673;126;102;164;Hyrnaya;x
674;168;105;37;Bayasabhad;x
675;0;108;165;Central Bone Mountains;x
676;42;111;38;Tashbhad;x
677;84;114;166;Stone Road;x
678;126;117;39;Samyriana;x
679;168;120;167;Zarafana;x
680;0;123;40;Kayakayanaya;x
681;42;126;168;Northern Bone Mountains;x
682;84;129;41;Steel Road;x
683;126;132;169;Matakur;x
684;168;135;42;Asthaor;x
685;0;138;170;Gunur;x
686;42;141;43;Krazaaj;x
687;84;144;171;Thallur;x
688;126;147;44;Jhogur;x
689;168;150;172;Zobria;x
690;0;153;45;Anogaria;x
691;42;156;173;The Painted Valleys;x
692;84;159;46;Vezenkria;x
693;126;162;174;Eglia;x
694;168;165;47;Kalyos;x
695;0;168;175;Tarhor;x
696;42;171;48;Porbath;x
697;84;174;176;Kesher;x
698;126;177;49;Yanghis;x
699;168;180;177;Ghonazdhan;x
700;0;183;50;Hazdahn No;x
701;42;186;178;Khydhan;x
702;84;189;51;Rhaesh Jim;x
703;126;192;179;Rhaesh Os;x
704;168;195;52;Rhaesh Jano;x
705;0;198;180;Rhaesh Dalfe;x
706;42;201;53;Rhaesh Hranna;x
707;84;204;181;Rhaesh Lame;x
708;126;207;54;Rhaesh Tehin;x
709;168;210;182;Vaes Dothrak;x
710;0;0;55;Rhaesh Eveth;x
711;42;3;183;Rhaesh Cheyao;x
712;84;6;56;Rhaesh Najaheya;x
713;126;9;184;Olta Vizhadi;x
714;168;12;57;Krazaaj Niqe;x
715;0;15;185;Rhaesh Karlinat;x
716;42;18;58;Rhaesh Negwin;x
717;84;21;186;Vaes Tawakof;x
718;126;24;59;Vaes Krazaaj;x
719;168;27;187;Faros;x
720;0;30;60;Jade Gate;x
721;42;33;188;Bawrashar;x
722;84;36;61;Sielekar;x
723;126;39;189;Hekkon;x
724;168;42;62;Nahos;x
725;0;45;190;Zaffalor;x
726;42;48;63;Nur-Anji;x
727;84;51;191;Port Moraq;x
728;126;54;64;The Isle Of Elephants;x
729;168;57;192;Vahar;x
730;0;60;65;Pongar;x
731;42;63;193;Draccar;x
732;84;66;66;Cinnamon Isles;x
733;126;69;194;Nameless Isle;x
734;168;72;67;Jabeen;x
735;0;75;195;Wyvern Point;x
736;42;78;68;Gorosh;x
737;84;81;196;Eastern Sothoryos Jungle;x
738;126;84;69;Gomorosh;x
739;168;87;197;Vyarash;x
740;0;90;70;Yeen;x
741;42;93;198;Zamettar;x
742;84;96;71;Ax Isle;x
743;126;99;199;Skull Island;x
744;168;102;72;Isle Of Toads;x
745;0;105;200;Western Sothoryos Jungle;x
746;42;108;73;Basilisk Point;x
747;84;111;201;Gogossos;x
748;126;114;74;Isle of Lice;x
749;168;117;202;Death Isle;x
750;0;120;75;Q'oprak;x
751;42;123;203;Isle Of Serpents;x
752;84;126;76;Taressyar;x
753;126;129;204;Isle Of Monkeys;x
754;168;132;77;Isle Of Vines;x
755;0;135;205;Gelios;x
756;42;138;78;Tyria;x
757;84;141;206;Drakaria;x
758;126;144;79;Perzyria;x
759;168;147;207;Oros;x
760;0;150;80;Aeksios;x
761;42;153;208;Telyria;x
762;42;201;208;Sarhoy;x
763;236;52;19;The Jade Road;x
764;128;96;0;Coast Of Yin;x
765;191;98;81;Yin;x
766;253;173;66;Si Qo;x
767;250;97;5;Cape Of Yin;x
768;167;174;30;Bay Of Leng;x
769;180;40;24;Fenqui;x
770;222;97;44;Jinqi;x
771;223;187;43;Sarahai;x
772;169;244;11;Darakesh;x
773;209;172;46;Jungle Of Vines;x
774;198;176;57;Northern Jungle Of Yi Ti;x
775;223;128;32;Gayanayalla;x
776;215;67;40;Southern Jungle Of Yi Ti;x
777;206;220;35;Linqi;x
778;182;136;73;Central Jungle Of Yi Ti;x
779;231;169;24;Western Jungle Of Yi Ti;x
780;172;239;16;Tiqui;x
781;115;164;40;Road Of Tiqui;x
782;226;92;29;Telahai;x
783;215;193;40;Nanqi;x
784;160;221;34;Wan Ti;x
785;184;100;71;The Yi Ti Wetlands;x
786;69;245;10;The Jade Jungle;x
787;247;180;23;The Isle Of Whips;x
788;251;114;68;Marahai;x
789;245;186;169;The Manticore Isles;x
790;205;186;50;Turrani;x
791;221;94;51;Leng Ma;x
792;205;170;88;Leng Yi;x
793;221;174;34;Witch Isle;x
794;121;6;30;Ulthos;x
795;104;32;53;Asshai;x
796;188;147;84;Stygai;x
797;240;90;53;Asshai'i Coast;x
798;175;182;56;Saffron Coast;x
799;243;91;27;Saffron Isle;x
800;129;35;7;Ulos;x
801;187;128;83;Eastern Shadow Mountains;x
802;232;97;38;Eastern Shadow Valley;x
803;236;241;29;Western Shadow Valley;x
804;224;228;65;Western Shadow Mountains;x
805;213;170;43;Shadow Coast;x
806;247;104;9;Shadow Plains;x
807;240;167;30;Southern Mountains Of The Morn;x
808;243;122;50;Carcosa;x
809;166;223;32;Hidden Valley;x
810;128;149;62;Hidden Shore;x
811;223;215;43;City Of The Winged Men;x
812;225;96;40;Eastern Mountains Of The Morn;x
813;225;238;176;Northern Mountains Of The Morn;x
814;241;188;216;Cities Of The Bloodless Men;x
815;227;163;43;The Dry Deep;x
816;231;54;35;Bonetown;x
817;241;133;14;Southern Cannibal Sands;x
818;109;89;27;K'Dath;x
819;218;186;75;Land Of The Shrykes;x
820;224;240;30;The Five Forts;x
821;126;148;63;The Pass Of The Morn;x
822;192;175;80;The Bleeding Marshes;x
823;124;12;23;The Grey Waste;x
824;235;240;30;Northern Cannibal Sands;x
825;230;220;185;Rosovny;x
826;108;92;28;Mosov Point;x
827;183;249;45;Forest Of Mosovny;x
828;251;240;43;Gostov;x
829;189;124;77;East N'Ghai;x
830;208;197;47;Kosov;x
831;245;191;184;West N'Ghai;x
832;243;50;50;Bay Of Nefer;x
833;222;70;48;Northpoint;x
834;236;189;30;The Thousand Islands;x
835;208;91;62;Nefer;x
836;227;177;28;Fields Of Nefer;x
837;234;68;60;Embonor;x
838;203;197;69;Leviathan Sound;x
839;193;84;79;Howling Point;x
840;198;160;72;Howling Bay;x
841;247;183;207;Howling Hills;x
842;240;90;26;Eastern Steel Road;x
843;200;164;55;Northern Great Sand Sea;x
844;162;164;91;The Great Sand Road;x
845;152;209;46;Southern Great Sand Sea;x
846;177;138;95;North Trader Road;x
847;200;223;32;Trader Town;x
848;247;217;9;South Trader Road;x
849;228;106;65;The Shrinking Sea;x
850;252;247;18;Affazhat;x
851;210;133;62;Akkovarat;x
852;245;109;10;Qemosor;x
853;220;248;22;Ithkoil;x
854;185;151;87;Drekat;x
855;251;179;204;The Bleeding Shore;x
856;214;163;105;Chomokh;x
857;253;182;17;Feshith;x
858;245;72;48;Halashir;x
859;206;240;15;Kazga;x
860;108;169;41;Athzalar;x
861;254;175;235;Melikh;x
862;90;208;51;Lanqoyi;x
863;190;211;44;Moskat;x
864;226;128;29;Nesolat;x
865;225;88;30;Piqui;x
866;232;201;23;Zanisshi;x
867;109;219;36;Ramasar;x
868;247;151;9;Qeso;x
869;191;64;86;Oholat;x
870;209;62;46;Hezyin;x
871;193;247;9;Fujin;x
872;205;196;50;Veltor;x
873;232;98;34;Athniqar;x
874;197;123;69;Kolverikh;x
875;168;69;36;Xin;x
876;230;46;36;Chafaan;x
877;5;200;200;Old Anchor Bay;x
878;6;200;250;Central Narrow Sea;x
879;7;220;250;Shivering Sea;x
880;8;250;250;Frozen Lakes;x
881;9;200;200;Long Lake;x
882;10;200;250;Torrhen Lake;x
883;11;220;250;Rills Lakes;x
884;12;250;250;Gods Eye;x
885;13;200;200;Red Lake;x
886;17;200;200;Eastern Sunset Sea;x
887;18;200;250;Eastern Sunset Sea;x
888;19;220;250;Southern Sunset Sea;x
889;20;250;250;Western Dornish Coast;x
890;21;200;200;Eastern Dornish Coast;x
891;22;200;250;Arbor Coast;x
892;23;220;250;Torendine Gulf;x
893;24;250;250;Redwyne Straits;x
894;25;200;200;Central Sunset Sea;x
895;26;200;250;Whispering Sound;x
896;27;220;250;Garden Coast;x
897;28;250;250;Shield Sea;x
898;29;200;200;Southern Sunset Sea;x
899;30;200;250;Coast Of The Reach;x
900;31;220;250;Gulf Of Lannisport;x
901;32;250;250;Central Sunset Sea;x
902;33;200;200;Central Sunset Sea;x
903;34;200;250;Cape Feast;x
904;35;220;250;Fair Sea;x
905;36;250;250;Central Sunset Sea;x
906;37;200;200;Northern Sunset Sea;x
907;38;200;250;Northern Sunset Sea;x
908;39;220;250;Northern Sunset Sea;x
909;40;250;250;Northern Sunset Sea;x
910;41;200;200;Northern Sunset Sea;x
911;42;200;250;Western Iron Islands;x
912;43;220;250;Eastern Iron Islands;x
913;44;250;250;Ironmans Bay;x
914;45;200;200;Gulf Of The Neck;x
915;46;200;250;Cape Kraken;x
916;47;220;250;Blazewater Bay;x
917;48;250;250;Stoney Coast;x
918;49;200;200;Dragon Cape;x
919;50;200;250;Western Bay Of Ice;x
920;51;220;250;Frozen Sea;x
921;52;250;250;Northern Sunset Sea;x
922;53;200;200;Broken Sea;x
923;54;200;250;Western Stepstones;x
924;55;220;250;Sea Of Estermont;x
925;56;250;250;Eastern Sea Of Dorne;x
926;57;200;200;Cape Of Rains;x
927;59;220;250;Shipbreaker Bay;x
928;60;250;250;Emerald Sea;x
929;61;200;200;Masseys Hook;x
930;63;220;250;The Gullet;x
931;64;250;250;Eastern Blackwater Bay;x
932;65;200;200;Western Blackwater Bay;x
933;66;200;250;Dragonstone Sea;x
934;67;220;250;Claw Cape;x
935;68;250;250;Eastern Bay Of Crabs;x
936;69;200;200;Western Bay Of Crabs;x
937;71;220;250;Cape Of Runes;x
938;72;250;250;Coast Of The Vale;x
939;73;200;200;Southern Finger;x
940;74;200;250;Central Fingers;x
941;75;220;250;Northern Finger;x
942;76;250;250;Eastern Bite;x
943;77;200;200;Western Bite;x
944;78;200;250;White Bay;x
945;80;250;250;Central Narrow Sea;x
946;81;200;200;Northern Narrow Sea;x
947;82;200;250;Ram's Coast;x
948;83;220;250;Widows Cape;x
949;84;250;250;Sea Of Sorrow;x
950;85;200;200;Gulf Of Kar;x
951;86;200;250;Northern Narrow Sea;x
952;87;220;250;Northern Narrow Sea;x
953;88;250;250;Southern Bay Of Seals;x
954;89;200;200;Northern Bay Of Seals;x
955;90;200;250;Shivering Sea;x
956;91;220;250;Shivering Sea;x
957;92;250;250;Shivering Sea;x
958;93;200;200;Mander;x
959;94;200;250;Greenblood;x
960;1;200;200;Eastern Bay Of Ice;x
961;2;200;250;Saltspear;x
962;3;220;250;Central Sunset Sea;x
963;95;220;250;Eastern Stepstones;x
964;96;250;250;Tyroshi Coast;x
965;97;200;200;Western Sea Of Myrth;x
966;98;200;250;Flatlands Coast;x
967;99;220;250;Bay Of Pentos;x
968;100;250;250;Southern Coast Of Andalos;x
969;101;200;200;Northern Coast Of Andalos;x
970;102;200;250;Bravoosian Coast;x
971;103;220;250;Cape Of Braavos;x
972;104;250;250;Northern Narrow Sea;x
973;105;200;200;Lorath Bay;x
974;106;200;250;Sea Of Lorath;x
975;107;220;250;Southwestern Shivering Sea;x
976;108;250;250;Coast Of Norvos;x
977;109;200;200;Cape Axe;x
978;110;200;250;Coast Of Qohor;x
979;111;220;250;Cape Morosh;x
980;112;250;250;Gulf Of Sarys;x
981;113;200;200;Omber Sea;x
982;114;200;250;Bay Of Tusks;x
983;115;220;250;Western Ifeqevron Sea;x
984;116;250;250;Eastern Ifeqevron Sea;x
985;117;200;200;Bay Of Whales;x
986;118;200;250;Coast Of Jhogwin;x
987;119;220;250;Southwestern Ibbenese Shore;x
988;120;250;250;Northwestern Ibbenese Shore;x
989;121;200;200;Northern Ibbenese Shore;x
990;122;200;250;Eastern Ibbenese Shore;x
991;123;220;250;Eastern Shivering Sea;x
992;124;250;250;Southern Shivering Sea;x
993;125;200;200;Southern Shivering Sea;x
994;126;200;250;Southwestern Shivering Sea;x
995;127;220;250;Central Shivering Sea;x
996;128;250;250;Central Shivering Sea;x
997;129;200;200;Central Shivering Sea;x
998;130;200;250;Central Shivering Sea;x
999;131;220;250;Central Shivering Sea;x
1000;132;250;250;Eastern Shivering Sea;x
1001;133;200;200;Eastern Sea Of Myrth;x
1002;134;200;250;Central Narrow Sea;x
1003;135;220;250;Lysene Coast;x
1004;136;250;250;Orange Sea;x
1005;137;200;200;Gulf Of Volantis;x
1006;138;200;250;Rhoyne;x
1007;139;220;250;Western Valyrian Sea;x
1008;140;250;250;Valyrian Straits;x
1009;141;200;200;Tyrian Straits;x
1010;142;200;250;The Smoking Sea;x
1011;143;220;250;Southern Valyrian Sea;x
1012;144;250;250;Western Gulf Of Grief;x
1013;145;200;200;Eastern Gulf Of Grief;x
1014;146;200;250;Western Slaver's Bay;x
1015;147;220;250;Eastern Slaver's Bay;x
1016;148;250;250;Ghiscari Strait;x
1017;149;200;200;Coast Of Ghiscar;x
1018;150;200;250;Crimson Sea;x
1019;151;220;250;Jade Gates;x
1020;70;198;30;Night Valleys;x
1021;153;200;200;Northern Jade Sea;x #Asabhadi Sea
1022;154;200;250;Central Jade Sea;x #Moraqi Coast
1023;155;220;250;Central Jade Sea;x #Western Jade Sea
1024;9;53;8;First Forest;x
1025;157;200;200;Southern Cinnamon Straits;x #Cinnamon Straits
1026;158;200;250;Western Jade Sea;x #Sea Of Sothoryos
1027;205;124;160;The Giant's Stairs;x
1028;160;250;250;Coast Of Faros;x
1029;161;200;200;Western Jade Sea;x #Cinnamon Straits
1030;69;149;224;Free Vale;x
1031;152;188;142;Great Ice River;x
1032;164;250;250;Cape Wyvern;x
1033;165;200;200;Eastern Sothoryos Coast;x
1034;166;200;250;Central Sothoryos Coast;x
1035;167;220;250;Zamettar Delta;x
1036;168;250;250;Gulf Of Gogossos;x
1037;169;200;200;Basilisk Straits;x
1038;170;200;250;Eastern Sea Of The Basilisk;x
1039;171;220;250;Central Sea Of The Basilisk;x
1040;172;250;250;Western Sea Of The Basilisk;x
1041;173;200;200;Western Sothoryos Coast;x
1042;174;200;250;Coast Of Naath;x
1043;175;220;250;Central Summer Sea;x
1044;176;250;250;Central Summer Sea;x
1045;177;200;200;Eastern Summer Sea;x
1046;178;200;250;Eastern Summer Sea;x
1047;179;220;250;Eastern Summer Sea;x
1048;180;250;250;Central Summer Sea;x
1049;181;200;200;Western Summer Sea;x
1050;182;200;250;Western Summer Sea;x
1051;183;220;250;Western Summer Sea;x
1052;184;250;250;Stone Sea;x
1053;185;200;200;Sea Of Women;x
1054;186;200;250;Lotus Coast;x
1055;187;220;250;The Smiling Sea;x
1056;188;250;250;Sea Of Love;x
1057;189;200;200;Indigo Straits;x
1058;190;200;250;Straits Of Moluu;x
1059;191;220;250;Eastern Omboru Shore;x
1060;192;250;250;Western Coast Of Jhala;x
1061;193;200;200;Parrot Bay;x
1062;194;200;250;Golden Bay;x
1063;195;220;250;Cape Lizard;x
1064;196;250;250;Western Summer Sea;x
1065;197;200;200;Eastern Coast Of Jhala;x
1066;198;200;250;Southern Summer Sea;x
1067;199;220;250;Eastern Sunset Sea;x
1068;200;250;250;The Singing Sea;x
1069;201;200;200;Southeastern Sunset Sea;x
1070;202;200;250;Southeastern Sunset Sea;x
1071;203;220;250;Southeastern Sunset Sea;x
1072;204;250;250;Southeastern Sunset Sea;x
1073;205;200;200;Southern Sunset Sea;x
1074;206;200;250;Southern Sunset Sea;x
1075;207;220;250;Southern Sunset Sea;x
1076;208;250;250;The Sea Of Sighs;x
1077;209;200;200;Womb Of The World;x
1078;210;200;250;Poison Sea;x
1079;211;220;250;Dagger Lake;x
1080;212;250;250;Darkwater;x
1081;213;200;200;Noyne;x
1082;4;250;250;Western Sea Of Dorne;x
1083;0;223;248;Mander;x
1084;20;223;248;Upper Mander;x
1085;1;248;183;Blackwater Rush;x
1086;2;183;248;Upper Blackwater;x
1087;3;248;183;Gods River;x
1088;4;183;248;The Trident;x
1089;5;248;183;Blue Fork;x
1090;6;183;248;Upper Blue Fork;x
1091;7;248;183;Green Fork;x
1092;8;173;255;Upper Green Fork;x
1093;9;248;183;Red Fork;x
1094;10;173;255;Upper Red Fork;x
1095;18;180;214;Jade Coast;x
1096;151;236;227;Sea Of Whips;x
1097;159;187;213;The West Shelf;x
1098;149;191;238;Southern Jade Sea;x
1099;60;172;169;Marahai Coast;x
1100;136;162;251;Central Jade Sea;x
1101;154;186;233;Coast Of Yin;x
1102;133;226;254;Straits Of Leng;x
1103;91;174;164;Bay Of Leng;x #Bay of Jinqi
1104;148;175;239;Eastern Coast Of Leng;x
1105;138;224;249;Coast Of Jinqi;x
1106;151;189;236;Rhoyne;x #Shadow Coast
1107;155;227;232;Myrwater;x #Southern Coast Of Leng
1108;148;166;239;Central Jade Sea;x
1109;152;208;235;Manticore Sea;x
1110;157;157;230;Central Jade Sea;x
1111;165;222;215;Asshai'i Coast;x
1112;143;210;243;Southern Jade Sea;x
1113;1;231;231;Saffron Straits;x
1114;77;137;155;Saffron Sea;x
1115;174;213;210;Bay Of Ulos;x
1116;145;184;242;Howling Coast;x
1117;152;226;235;Leviathan Sound;x
1118;174;182;213;Western Thousand Islands;x
1119;47;113;221;Eastern Thousand Islands;x
1120;139;239;248;Bay Of Nefer;x
1121;50;205;218;Mosovny Coast;x
1122;155;226;232;Lake Of Myrth;x #Eastern Shivering Sea
1123;88;180;177;Eastern Shivering Sea;x
1124;79;181;189;Eastern Shivering Sea;x
1125;150;206;237;Eastern Shivering Sea;x
1126;167;191;220;Eastern Shivering Sea;x
1127;165;219;222;Hidden Sea;x
1128;171;209;216;Bleeding Sea;x
1129;174;213;205;Shrinking Sea;x
1130;140;219;242;Silver Sea;x
1131;126;153;1;Sunderland;x
1132;158;66;254;Moreland;x
1133;66;158;0;Lorassyon;x
1134;144;191;237;Sarne Delta;x
1135;191;144;237;West Sarne Delta;x
1136;143;3;237;East Sarne Delta;x
1137;192;143;237;The Lower Sarne;x
1138;142;193;237;The Sarne;x
1139;103;135;152;Lower Little Rhoyne;x
1140;111;106;149;Upper Little Rhoyne;x
1141;62;193;140;The Greenblood;x
1142;108;174;81;The Vaith;x
1143;62;193;232;The Scourge;x
1144;108;174;232;Seagard Bay;x
1145;186;186;1;Sweetport Sound;x
1146;181;235;75;Leng Xotli;x
1147;181;50;175;Sedmelluqi;x
1148;181;100;25;Dendrrah;x
1149;50;48;241;The Upper Sarne;x
1150;50;102;241;The Upper Sarne;x
1151;204;35;102;Dromon Hill;x #RESERVED VALYRIA PROVINCE IDS
1152;204;99;101;Bianoros;x
1153;204;2;4;Pyrys;x
1154;204;25;26;Bane Road;x
1155;104;166;26;Urnebyria;x
1156;204;165;27;Dragonfields;x
1157;104;164;27;Lyztarys;x #Not used
1158;204;163;27;The Marble Pass;x
1159;104;162;127;Elenar Coast;x
1160;232;125;0;Blenon Way;x
1161;232;0;40;The Hills of Nolos;x
1162;232;250;80;Iedrarys;x
1163;232;60;120;Ruklonos;x
1164;222;100;100;Klios;x #Not used
1165;222;5;0;Molrys;x
1166;222;200;33;Tikunemio;x
1167;222;150;66;Port Vaedar;x
1168;222;3;40;Lentun;x
1169;222;99;80;Raqiros;x
1170;222;160;120;Kastaryia;x
1171;212;249;0;Gelenka Mountains;x
1172;200;209;33;Yghos;x
1173;133;209;66;Otor Lands;x
1174;66;209;0;Long Summer Way;x
1175;0;209;100;Mentis;x
1176;203;180;3;Daervos;x
1177;203;125;99;Port Orbar;x
1178;203;10;15;Jaedos;x
1179;203;25;26;Lopor Cove;x
1180;203;99;101;Melior March;x
1181;203;166;26;Zoklos;x
1182;203;49;51;Ublesia;x
1183;180;250;255;The Qelbar;x
1184;103;75;71;Egrys;x
1185;101;103;75;Qrimbroz;x
1186;62;97;98;Fire Road;x
1187;203;49;151;Izulaperzys;x
1188;203;2;4;Elieperzys;x
1189;203;48;152;Fire Isle;x
1190;203;46;67;Vestperzys;x
1191;203;1;102;Urneb Shore;x
1192;204;49;51;Nuqiria;x
1193;204;157;2;Buzdari Valley;x #Not used
1194;184;49;51;Elinis;x #Not used
1195;204;167;25;Ilvonys;x #END OF RESERVED VALYRIA PROVINCE IDS
1196;116;145;211;Narrowshade;x
1197;151;176;153;Iron Holt;x
1198;124;203;177;;x #Not used
1199;157;104;223;;x #Not used
1200;242;188;216;Skane;x
1201;249;188;216;The Gates of the Moon;x
1202;210;188;216;The City of Oldtown;x
1203;190;188;216;City of King's Landing;x
1204;170;66;22;;x #Not used
1205;180;188;199;Shield Row;x
1206;185;188;199;Hangmyre;x
1207;160;188;199;Grey Garden;x
1208;160;188;150;Tower of Glimmering;x
1209;100;180;150;Nettlebank;x
1210;130;180;150;Faroar;x
1211;90;180;150;Corpse Lake;x
1212;50;180;150;Stonehouse;x
1213;30;180;100;Saltford;x
1214;125;250;250;Bay of Morne;x
1215;130;250;250;Hoare Bay;x
1216;130;100;100;Hoare Castle;x
1217;130;100;90;Morne;x
1218;130;100;20;Blackwood Grove;x
1219;130;100;10;Slaynemouth;x
1220;130;100;30;Gull Tower;x
1221;130;100;80;Westwatch;x
1222;45;250;250;Upper Gorge;x
1223;70;250;250;Lower Gorge;x
1224;90;250;250;Hidden Fort;x
1225;190;250;250;River of Morn;x
1226;220;250;250;Hidden Pass;x
1227;150;100;20;Red Hills;x
1228;150;100;30;Goldengrass Hills;x
1229;250;100;30;Longwatch;x
1230;230;100;30;Burley Vale;x
1231;130;100;95;White Firth;x
1232;130;100;180;Westford;x
1233;130;100;190;The Boneway;x
1234;130;100;150;Longhall;x
1235;130;100;130;Motherhouse of Maris;x
1236;130;100;200;Quiet Isle;x
1237;130;100;210;The Starry Sept;x
1238;130;100;240;The Lord's Sept;x
1239;130;100;230;The Grand Sept of Lannisport;x
1240;130;100;220;The Gulltown Sept;x
1241;130;100;50;Motherhouse of Lannisport;x
1242;130;100;60;Motherhouse of Maidenpool;x
1243;130;100;70;Highgarden Sept;x
1244;130;100;170;Holy House;x
1245;130;20;170;Iron Gate;x
1246;10;45;170;Sweetmeadow;x
1247;130;100;2;Glitched;x				 
